2016-05-27,724.01001
2016-05-26,722.869995
2016-05-25,720.76001
2016-05-24,706.859985
2016-05-23,706.530029
2016-05-20,701.619995
2016-05-19,702.359985
2016-05-18,703.669983
2016-05-17,715.98999
2016-05-16,709.130005
2016-05-13,711.929993
2016-05-12,717.059998
2016-05-11,723.409973
2016-05-10,716.75
2016-05-09,712
2016-05-06,698.380005
2016-05-05,697.700012
2016-05-04,690.48999
2016-05-03,696.869995
2016-05-02,697.630005
2016-04-29,690.700012
2016-04-28,708.26001
2016-04-27,707.289978
2016-04-26,725.419983
2016-04-25,716.099976
2016-04-22,726.299988
2016-04-21,755.380005
2016-04-20,758
2016-04-19,769.51001
2016-04-18,760.460022
2016-04-15,753.97998
2016-04-14,754.01001
2016-04-13,749.159973
2016-04-12,738
2016-04-11,743.02002
2016-04-08,743.969971
2016-04-07,745.369995
2016-04-06,735.77002
2016-04-05,738
2016-04-04,750.059998
2016-04-01,738.599976
2016-03-31,749.25
2016-03-30,750.099976
2016-03-29,734.590027
2016-03-28,736.789978
2016-03-24,732.01001
2016-03-23,742.359985
2016-03-22,737.460022
2016-03-21,736.5
2016-03-18,741.859985
2016-03-17,736.450012
2016-03-16,726.369995
2016-03-15,726.919983
2016-03-14,726.809998
2016-03-11,720
2016-03-10,708.119995
2016-03-09,698.469971
2016-03-08,688.590027
2016-03-07,706.900024
2016-03-04,714.98999
2016-03-03,718.679993
2016-03-02,719
2016-03-01,703.619995
2016-02-29,700.320007
2016-02-26,708.580017
2016-02-25,700.01001
2016-02-24,688.919983
2016-02-23,701.450012
2016-02-22,707.450012
2016-02-19,695.030029
2016-02-18,710
2016-02-17,698.090027
2016-02-16,692.97998
2016-02-12,690.26001
2016-02-11,675
2016-02-10,686.859985
2016-02-09,672.320007
2016-02-08,667.849976
2016-02-05,703.869995
2016-02-04,722.809998
2016-02-03,770.219971
2016-02-02,784.5
2016-02-01,750.460022
2016-01-29,731.530029
2016-01-28,722.219971
2016-01-27,713.669983
2016-01-26,713.849976
2016-01-25,723.580017
2016-01-22,723.599976
2016-01-21,702.179993
2016-01-20,688.609985
2016-01-19,703.299988
2016-01-15,692.289978
2016-01-14,705.380005
2016-01-13,730.849976
2016-01-12,721.679993
2016-01-11,716.609985
2016-01-08,731.450012
2016-01-07,730.309998
2016-01-06,730
2016-01-05,746.450012
2016-01-04,743
2015-12-31,769.5
2015-12-30,776.599976
2015-12-29,766.690002
2015-12-28,752.919983
2015-12-24,749.549988
2015-12-23,753.469971
2015-12-22,751.650024
2015-12-21,746.130005
2015-12-18,746.51001
2015-12-17,762.419983
2015-12-16,750
2015-12-15,753
2015-12-14,741.789978
2015-12-11,741.159973
2015-12-10,752.849976
2015-12-09,759.169983
2015-12-08,757.890015
2015-12-07,767.77002
2015-12-04,753.099976
2015-12-03,766.01001
2015-12-02,768.900024
2015-12-01,747.109985
2015-11-30,748.809998
2015-11-27,748.460022
2015-11-25,748.140015
2015-11-24,752
2015-11-23,757.450012
2015-11-20,746.530029
2015-11-19,738.73999
2015-11-18,727.580017
2015-11-17,729.289978
2015-11-16,715.599976
2015-11-13,729.169983
2015-11-12,731
2015-11-11,732.460022
2015-11-10,724.400024
2015-11-09,730.200012
2015-11-06,731.5
2015-11-05,729.469971
2015-11-04,722
2015-11-03,718.859985
2015-11-02,711.059998
2015-10-30,715.72998
2015-10-29,710.5
2015-10-28,707.330017
2015-10-27,707.380005
2015-10-26,701.549988
2015-10-23,727.5
2015-10-22,646.700012
2015-10-21,654.150024
2015-10-20,664.039978
2015-10-19,661.179993
2015-10-16,664.109985
2015-10-15,654.659973
2015-10-14,653.210022
2015-10-13,643.150024
2015-10-12,642.090027
2015-10-09,640
2015-10-08,641.359985
2015-10-07,649.23999
2015-10-06,638.840027
2015-10-05,632
2015-10-02,607.200012
2015-10-01,608.369995
2015-09-30,603.280029
2015-09-29,597.280029
2015-09-28,610.340027
2015-09-25,629.77002
2015-09-24,616.640015
2015-09-23,622.049988
2015-09-22,627
2015-09-21,634.400024
2015-09-18,636.789978
2015-09-17,637.789978
2015-09-16,635.469971
2015-09-15,626.700012
2015-09-14,625.700012
2015-09-11,619.75
2015-09-10,613.099976
2015-09-09,621.219971
2015-09-08,612.48999
2015-09-04,600
2015-09-03,617
2015-09-02,605.590027
2015-09-01,602.359985
2015-08-31,627.539978
2015-08-28,632.820007
2015-08-27,639.400024
2015-08-26,610.349976
2015-08-25,614.909973
2015-08-24,573
2015-08-21,639.780029
2015-08-20,655.460022
2015-08-19,656.599976
2015-08-18,661.900024
2015-08-17,656.799988
2015-08-14,655.01001
2015-08-13,659.322021
2015-08-12,663.080017
2015-08-11,669.200012
2015-08-10,639.47998
2015-08-07,640.22998
2015-08-06,645
2015-08-05,634.330017
2015-08-04,628.419983
2015-08-03,625.340027
2015-07-31,631.380005
2015-07-30,630
2015-07-29,628.799988
2015-07-28,632.830017
2015-07-27,621
2015-07-24,647
2015-07-23,661.27002
2015-07-22,660.890015
2015-07-21,655.210022
2015-07-20,659.23999
2015-07-17,649
2015-07-16,565.119995
2015-07-15,560.130005
2015-07-14,546.76001
2015-07-13,532.880005
2015-07-10,526.289978
2015-07-09,523.119995
2015-07-08,521.049988
2015-07-07,523.130005
2015-07-06,519.5
2015-07-02,521.080017
2015-07-01,524.72998
2015-06-30,526.02002
2015-06-29,525.01001
2015-06-26,537.26001
2015-06-25,538.869995
2015-06-24,540
2015-06-23,539.640015
2015-06-22,539.590027
2015-06-19,537.210022
2015-06-18,531
2015-06-17,529.369995
2015-06-16,528.400024
2015-06-15,528
2015-06-12,531.599976
2015-06-11,538.424988
2015-06-10,529.359985
2015-06-09,527.559998
2015-06-08,533.309998
2015-06-05,536.349976
2015-06-04,537.76001
2015-06-03,539.909973
2015-06-02,532.929993
2015-06-01,536.789978
2015-05-29,537.369995
2015-05-28,538.01001
2015-05-27,532.799988
2015-05-26,538.119995
2015-05-22,540.150024
2015-05-21,537.950012
2015-05-20,538.48999
2015-05-19,533.97998
2015-05-18,532.01001
2015-05-15,539.179993
2015-05-14,533.77002
2015-05-13,530.559998
2015-05-12,531.599976
2015-05-11,538.369995
2015-05-08,536.650024
2015-05-07,523.98999
2015-05-06,531.23999
2015-05-05,538.210022
2015-05-04,538.530029
2015-05-01,538.429993
2015-04-30,547.869995
2015-04-29,550.469971
2015-04-28,554.640015
2015-04-27,563.390015
2015-04-24,566.102584
2015-04-23,541.002435
2015-04-22,534.402426
2015-04-21,537.512456
2015-04-20,525.602352
2015-04-17,528.662379
2015-04-16,529.902414
2015-04-15,528.702406
2015-04-14,536.252409
2015-04-13,538.412447
2015-04-10,542.292472
2015-04-09,541.032425
2015-04-08,538.382457
2015-04-07,538.08244
2015-04-06,532.222436
2015-04-02,540.852427
2015-04-01,548.602502
2015-03-31,550.00246
2015-03-30,551.622503
2015-03-27,553.002509
2015-03-26,557.59255
2015-03-25,570.50259
2015-03-24,562.562541
2015-03-23,560.432554
2015-03-20,561.652513
2015-03-19,559.392531
2015-03-18,552.50248
2015-03-17,551.712472
2015-03-16,550.952514
2015-03-13,553.502476
2015-03-12,553.512513
2015-03-11,555.142533
2015-03-10,564.252539
2015-03-09,566.862541
2015-03-06,574.882583
2015-03-05,575.022616
2015-03-04,571.872619
2015-03-03,570.452587
2015-03-02,560.532559
2015-02-27,554.242482
2015-02-26,543.212476
2015-02-25,535.90245
2015-02-24,530.002419
2015-02-23,536.052398
2015-02-20,543.132484
2015-02-19,538.042413
2015-02-18,541.402458
2015-02-17,546.83245
2015-02-13,543.352447
2015-02-12,537.252405
2015-02-11,535.302416
2015-02-10,529.302379
2015-02-09,528.002366
2015-02-06,527.64237
2015-02-05,523.792395
2015-02-04,529.2424
2015-02-03,528.002366
2015-02-02,531.732383
2015-01-30,515.862322
2015-01-29,511.002313
2015-01-28,522.782362
2015-01-27,529.972369
2015-01-26,538.532466
2015-01-23,535.592396
2015-01-22,521.482349
2015-01-21,507.252283
2015-01-20,511.002313
2015-01-16,500.012273
2015-01-15,505.572291
2015-01-14,494.652237
2015-01-13,498.842256
2015-01-12,494.942247
2015-01-09,504.7623
2015-01-08,497.992268
2015-01-07,507.002299
2015-01-06,515.002358
2015-01-05,523.262377
2015-01-02,529.012399
2014-12-31,531.252429
2014-12-30,528.092396
2014-12-29,532.192385
2014-12-26,528.772422
2014-12-24,530.512424
2014-12-23,527.00237
2014-12-22,516.082347
2014-12-19,511.512318
2014-12-18,512.952333
2014-12-17,497.002248
2014-12-16,511.562321
2014-12-15,522.742396
2014-12-12,523.512391
2014-12-11,527.802416
2014-12-10,533.082399
2014-12-09,522.142362
2014-12-08,527.132366
2014-12-05,531.002415
2014-12-04,531.1624
2014-12-03,531.442404
2014-12-02,533.512412
2014-12-01,538.902438
2014-11-28,540.622426
2014-11-26,540.882478
2014-11-25,539.002444
2014-11-24,537.652428
2014-11-21,541.612446
2014-11-20,531.252429
2014-11-19,535.002399
2014-11-18,537.502419
2014-11-17,543.582448
2014-11-14,546.682503
2014-11-13,549.80251
2014-11-12,550.392507
2014-11-11,548.492459
2014-11-10,541.462437
2014-11-07,546.212464
2014-11-06,545.502448
2014-11-05,556.802542
2014-11-04,553.002509
2014-11-03,555.502529
2014-10-31,559.352504
2014-10-30,548.952461
2014-10-29,550.00246
2014-10-28,543.002488
2014-10-27,537.032441
2014-10-24,544.36248
2014-10-23,539.322413
2014-10-22,529.892376
2014-10-21,525.192353
2014-10-20,509.452317
2014-10-17,527.252385
2014-10-16,519.002342
2014-10-15,531.012391
2014-10-14,538.902438
2014-10-13,544.992443
2014-10-10,557.722546
2014-10-09,571.182555
2014-10-08,565.572566
2014-10-07,574.402629
2014-10-06,578.802636
2014-10-03,573.052613
2014-10-02,567.312567
2014-10-01,576.012635
2014-09-30,576.932639
2014-09-29,571.7526
2014-09-26,576.062638
2014-09-25,587.552646
2014-09-24,581.462641
2014-09-23,586.852667
2014-09-22,593.82271
2014-09-19,591.502688
2014-09-18,587.002675
2014-09-17,580.012619
2014-09-16,572.762572
2014-09-15,572.94257
2014-09-12,581.002639
2014-09-11,580.362639
2014-09-10,581.502606
2014-09-09,588.902662
2014-09-08,586.602653
2014-09-05,583.982613
2014-09-04,580.002643
2014-09-03,580.002643
2014-09-02,571.852606
2014-08-29,571.332564
2014-08-28,569.562573
2014-08-27,577.272622
2014-08-26,581.262629
2014-08-25,584.722619
2014-08-22,583.592628
2014-08-21,583.822628
2014-08-20,585.88266
2014-08-19,585.002622
2014-08-18,576.11258
2014-08-15,577.862619
2014-08-14,576.182596
2014-08-13,567.312567
2014-08-12,564.522567
2014-08-11,569.992585
2014-08-08,563.562536
2014-08-07,568.00257
2014-08-06,561.782569
2014-08-05,570.052564
2014-08-04,569.042592
2014-08-01,570.402584
2014-07-31,580.602616
2014-07-30,586.55265
2014-07-29,588.752653
2014-07-28,588.072688
2014-07-25,590.402686
2014-07-24,596.452725
2014-07-23,593.232713
2014-07-22,590.722655
2014-07-21,591.752702
2014-07-18,593.002712
2014-07-17,579.532604
2014-07-16,588.002671
2014-07-15,585.742628
2014-07-14,582.602608
2014-07-11,571.912585
2014-07-10,565.912548
2014-07-09,571.582578
2014-07-08,577.662607
2014-07-07,583.76265
2014-07-03,583.352651
2014-07-02,583.352651
2014-07-01,578.32262
2014-06-30,578.662603
2014-06-27,577.182592
2014-06-26,581.002639
2014-06-25,565.262572
2014-06-24,565.192556
2014-06-23,555.152509
2014-06-20,556.852545
2014-06-19,554.242482
2014-06-18,544.862448
2014-06-17,544.202435
2014-06-16,549.262515
2014-06-13,552.262503
2014-06-12,557.302509
2014-06-11,558.002549
2014-06-10,560.512546
2014-06-09,557.152501
2014-06-06,558.062528
2014-06-05,546.402499
2014-06-04,541.502464
2014-06-03,550.99248
2014-06-02,560.70252
2014-05-30,560.802526
2014-05-29,563.352549
2014-05-28,564.57257
2014-05-27,556.002496
2014-05-23,547.262462
2014-05-22,541.132431
2014-05-21,532.902401
2014-05-20,529.742368
2014-05-19,519.702382
2014-05-16,521.39238
2014-05-15,525.702357
2014-05-14,533.002407
2014-05-13,530.892433
2014-05-12,523.512391
2014-05-09,510.752299
2014-05-08,508.462297
2014-05-07,515.792305
2014-05-06,525.232379
2014-05-05,524.822381
2014-05-02,533.762426
2014-05-01,527.112413
2014-04-30,527.602405
2014-04-29,516.902344
2014-04-28,517.182348
2014-04-25,522.512395
2014-04-24,530.072374
2014-04-23,533.792415
2014-04-22,528.642366
2014-04-21,536.1024
2014-04-17,548.81249
2014-04-16,543.002488
2014-04-15,536.822454
2014-04-14,538.252462
2014-04-11,532.552381
2014-04-10,565.002582
2014-04-09,559.622532
2014-04-08,542.602466
2014-04-07,540.742445
2014-04-04,574.652582
2014-04-03,569.852553
2014-04-02,599.992707
2014-04-01,558.712504
2014-03-31,566.892592
2014-03-28,561.202549
2014-03-27,568.00257
2014-03-26,"1,162.012003"
2014-03-25,"1,166.002007"
2014-03-24,"1,184.192035"
2014-03-21,"1,206.312028"
2014-03-20,"1,199.952085"
2014-03-19,"1,211.80202"
2014-03-18,"1,194.672106"
2014-03-17,"1,179.25207"
2014-03-14,"1,181.992043"
2014-03-13,"1,207.952066"
2014-03-12,"1,196.40208"
2014-03-11,"1,213.772027"
2014-03-10,"1,215.692042"
2014-03-07,"1,226.802152"
2014-03-06,"1,222.282091"
2014-03-05,"1,215.052078"
2014-03-04,"1,215.002086"
2014-03-03,"1,206.752026"
2014-02-28,"1,220.342104"
2014-02-27,"1,218.39207"
2014-02-26,"1,224.002141"
2014-02-25,"1,215.942121"
2014-02-24,"1,205.362067"
2014-02-21,"1,207.812016"
2014-02-20,"1,203.142104"
2014-02-19,"1,205.302029"
2014-02-18,"1,201.412007"
2014-02-14,"1,195.612019"
2014-02-13,"1,180.752059"
2014-02-12,"1,189.001997"
2014-02-11,"1,180.172011"
2014-02-10,"1,171.801996"
2014-02-07,"1,167.631998"
2014-02-06,"1,151.132"
2014-02-05,"1,143.381977"
2014-02-04,"1,137.991967"
2014-02-03,"1,179.202079"
2014-01-31,"1,171.35195"
2014-01-30,"1,145.001921"
2014-01-29,"1,119.121909"
2014-01-28,"1,110.321943"
2014-01-27,"1,126.101966"
2014-01-24,"1,151.011923"
2014-01-23,"1,160.00193"
2014-01-22,"1,166.611952"
2014-01-21,"1,160.932041"
2014-01-17,"1,156.851978"
2014-01-16,"1,149.101955"
2014-01-15,"1,152.991977"
2014-01-14,"1,137.951901"
2014-01-13,"1,126.471878"
2014-01-10,"1,139.081977"
2014-01-09,"1,143.442016"
2014-01-08,"1,146.001995"
2014-01-07,"1,125.001909"
2014-01-06,"1,113.011924"
2014-01-03,"1,115.001903"
2014-01-02,"1,115.461873"
2013-12-31,"1,112.241958"
2013-12-30,"1,120.341921"
2013-12-27,"1,120.001906"
2013-12-26,"1,114.011876"
2013-12-24,"1,114.971883"
2013-12-23,"1,107.841852"
2013-12-20,"1,088.301811"
2013-12-19,"1,080.771848"
2013-12-18,"1,071.851804"
2013-12-17,"1,072.821859"
2013-12-16,"1,064.001798"
2013-12-13,"1,075.40181"
2013-12-12,"1,079.571808"
2013-12-11,"1,087.401842"
2013-12-10,"1,076.151804"
2013-12-09,"1,070.99178"
2013-12-06,"1,069.791862"
2013-12-05,"1,057.201858"
2013-12-04,"1,051.37185"
2013-12-03,"1,050.951823"
2013-12-02,"1,063.511809"
2013-11-29,"1,062.161794"
2013-11-27,"1,062.031792"
2013-11-26,"1,048.601858"
2013-11-25,"1,037.161779"
2013-11-22,"1,033.421732"
2013-11-21,"1,027.001751"
2013-11-20,"1,029.951737"
2013-11-19,"1,031.721778"
2013-11-18,"1,035.751726"
2013-11-15,"1,034.871729"
2013-11-14,"1,033.921769"
2013-11-13,"1,006.751721"
2013-11-12,"1,007.701742"
2013-11-11,"1,009.511727"
2013-11-08,"1,008.751746"
2013-11-07,"1,022.611754"
2013-11-06,"1,025.601746"
2013-11-05,"1,020.351724"
2013-11-04,"1,031.501717"
2013-11-01,"1,031.791741"
2013-10-31,"1,028.931813"
2013-10-30,"1,037.431831"
2013-10-29,"1,019.101754"
2013-10-28,"1,015.201747"
2013-10-25,"1,028.821783"
2013-10-24,"1,031.871752"
2013-10-23,"1,001.001723"
2013-10-22,"1,005.001713"
2013-10-21,"1,011.461761"
2013-10-18,976.581695
2013-10-17,892.991512
2013-10-16,885.871529
2013-10-15,875.761492
2013-10-14,866.661516
2013-10-11,866.031477
2013-10-10,863.841471
2013-10-09,856.281489
2013-10-08,865.321488
2013-10-07,867.451516
2013-10-04,875.001512
2013-10-03,888.001495
2013-10-02,882.731502
2013-10-01,880.251533
2013-09-30,869.081507
2013-09-27,874.821518
2013-09-26,878.301499
2013-09-25,886.551498
2013-09-24,886.501507
2013-09-23,896.151511
2013-09-20,898.391569
2013-09-19,905.991557
2013-09-18,886.351532
2013-09-17,887.411523
2013-09-16,896.201564
2013-09-13,894.501548
2013-09-12,897.401543
2013-09-11,888.541538
2013-09-10,890.021554
2013-09-09,883.731514
2013-09-06,882.441539
2013-09-05,873.501523
2013-09-04,860.351504
2013-09-03,854.361474
2013-08-30,855.76148
2013-08-29,849.071447
2013-08-28,850.251454
2013-08-27,859.621482
2013-08-26,870.001509
2013-08-23,877.831482
2013-08-22,872.701476
2013-08-21,870.65152
2013-08-20,868.351485
2013-08-19,857.711453
2013-08-16,861.281492
2013-08-15,864.441491
2013-08-14,878.371524
2013-08-13,886.831536
2013-08-12,886.9015
2013-08-09,890.561536
2013-08-08,895.491514
2013-08-07,895.041529
2013-08-06,904.691534
2013-08-05,905.391537
2013-08-02,903.441564
2013-08-01,895.001524
2013-07-31,892.991512
2013-07-30,885.461488
2013-07-29,884.901535
2013-07-26,886.991496
2013-07-25,893.871509
2013-07-24,907.26156
2013-07-23,910.701536
2013-07-22,902.001553
2013-07-19,886.611537
2013-07-18,918.991602
2013-07-17,921.001552
2013-07-16,927.13157
2013-07-15,924.301601
2013-07-12,920.0016
2013-07-11,913.001572
2013-07-10,903.45155
2013-07-09,911.001546
2013-07-08,899.211527
2013-07-05,890.011507
2013-07-03,879.901532
2013-07-02,890.201548
2013-07-01,886.451515
2013-06-28,874.901529
2013-06-27,878.801536
2013-06-26,873.75148
2013-06-25,877.261481
2013-06-24,871.881518
2013-06-21,888.341511
2013-06-20,893.991525
2013-06-19,901.371575
2013-06-18,888.651507
2013-06-17,879.231487
2013-06-14,880.101498
2013-06-13,868.981463
2013-06-12,885.461488
2013-06-11,883.971486
2013-06-10,882.101524
2013-06-07,870.421474
2013-06-06,864.301503
2013-06-05,862.51149
2013-06-04,867.851509
2013-06-03,873.001486
2013-05-31,868.121499
2013-05-30,869.921498
2013-05-29,875.711501
2013-05-28,883.501529
2013-05-24,875.261516
2013-05-23,877.001476
2013-05-22,902.561567
2013-05-21,908.021541
2013-05-20,905.00153
2013-05-17,910.021566
2013-05-16,919.001588
2013-05-15,895.501561
2013-05-14,877.501513
2013-05-13,878.891533
2013-05-10,875.311508
2013-05-09,870.8415
2013-05-08,857.001464
2013-05-07,863.011466
2013-05-06,848.261476
2013-05-03,836.961447
2013-05-02,820.1014
2013-05-01,823.261399
2013-04-30,819.001404
2013-04-29,803.251401
2013-04-26,807.601393
2013-04-25,816.251384
2013-04-24,808.111416
2013-04-23,801.001357
2013-04-22,800.601364
2013-04-19,769.161334
2013-04-18,785.351336
2013-04-17,786.751342
2013-04-16,786.59132
2013-04-15,785.951356
2013-04-12,791.991377
2013-04-11,792.88136
2013-04-10,782.921359
2013-04-09,775.501304
2013-04-08,778.751362
2013-04-05,786.061325
2013-04-04,804.251352
2013-04-03,813.46142
2013-04-02,804.541376
2013-04-01,795.011388
2013-03-28,803.991409
2013-03-27,806.68139
2013-03-26,813.501426
2013-03-25,812.411416
2013-03-22,814.74141
2013-03-21,811.291387
2013-03-20,816.831371
2013-03-19,811.241395
2013-03-18,805.001408
2013-03-15,818.501429
2013-03-14,826.991399
2013-03-13,827.901415
2013-03-12,830.711412
2013-03-11,831.691453
2013-03-08,834.501451
2013-03-07,834.061452
2013-03-06,841.031462
2013-03-05,828.931447
2013-03-04,805.301357
2013-03-01,797.801352
2013-02-28,801.101401
2013-02-27,794.801375
2013-02-26,795.001341
2013-02-25,802.301379
2013-02-22,799.261397
2013-02-21,798.001379
2013-02-20,805.301357
2013-02-19,795.991368
2013-02-15,787.401353
2013-02-14,779.731341
2013-02-13,780.131334
2013-02-12,781.751339
2013-02-11,778.40136
2013-02-08,780.131334
2013-02-07,769.701316
2013-02-06,759.071331
2013-02-05,761.131335
2013-02-04,767.691304
2013-02-01,758.201321
2013-01-31,750.511275
2013-01-30,753.741299
2013-01-29,746.751256
2013-01-28,751.761307
2013-01-25,750.77128
2013-01-24,741.241291
2013-01-23,735.99127
2013-01-22,704.661209
2013-01-18,710.361215
2013-01-17,717.711246
2013-01-16,722.401253
2013-01-15,719.33125
2013-01-14,737.001269
2013-01-11,742.001272
2013-01-10,742.831277
2013-01-09,732.271256
2013-01-08,735.541286
2013-01-07,735.451289
2013-01-04,729.341243
2013-01-03,724.931273
2013-01-02,719.421247
2012-12-31,700.001222
2012-12-28,701.69119
2012-12-27,707.141239
2012-12-26,708.071227
2012-12-24,714.511241
2012-12-21,713.971199
2012-12-20,723.261216
2012-12-19,720.711223
2012-12-18,716.601202
2012-12-17,705.501201
2012-12-14,699.171217
2012-12-13,715.921233
2012-12-12,699.231194
2012-12-11,690.001154
2012-12-10,685.391158
2012-12-07,695.001219
2012-12-06,687.59115
2012-12-05,692.151216
2012-12-04,695.001219
2012-12-03,702.241219
2012-11-30,691.311163
2012-11-29,687.781191
2012-11-28,668.011164
2012-11-27,660.171144
2012-11-26,666.44115
2012-11-23,669.971123
2012-11-21,668.991143
2012-11-20,669.511153
2012-11-19,655.701136
2012-11-16,645.991093
2012-11-15,650.00113
2012-11-14,660.661134
2012-11-13,663.001114
2012-11-12,663.751108
2012-11-09,654.651132
2012-11-08,670.201169
2012-11-07,675.001145
2012-11-06,685.481155
2012-11-05,684.501176
2012-11-02,694.791206
2012-11-01,679.501173
2012-10-31,679.86116
2012-10-26,676.501134
2012-10-25,680.001148
2012-10-24,686.80115
2012-10-23,672.011154
2012-10-22,681.011147
2012-10-19,705.581211
2012-10-18,755.541298
2012-10-17,743.951306
2012-10-16,740.131248
2012-10-15,741.941294
2012-10-12,751.851304
2012-10-11,752.901308
2012-10-10,741.861283
2012-10-09,759.67129
2012-10-08,761.001332
2012-10-05,770.711314
2012-10-04,762.751278
2012-10-03,755.721291
2012-10-02,765.201288
2012-10-01,759.051298
2012-09-28,754.151278
2012-09-27,759.951328
2012-09-26,749.851278
2012-09-25,753.051282
2012-09-24,731.001253
2012-09-21,732.211279
2012-09-20,724.471242
2012-09-19,717.501232
2012-09-18,707.781203
2012-09-17,708.111232
2012-09-14,709.601235
2012-09-13,693.09119
2012-09-12,689.411182
2012-09-11,697.961191
2012-09-10,709.761195
2012-09-07,700.001222
2012-09-06,685.961159
2012-09-05,680.001148
2012-09-04,684.551167
2012-08-31,684.0012
2012-08-30,684.241171
2012-08-29,677.371145
2012-08-28,665.001139
2012-08-27,662.991127
2012-08-24,675.601165
2012-08-23,674.271184
2012-08-22,667.381125
2012-08-21,673.11115
2012-08-20,675.501182
2012-08-17,674.121149
2012-08-16,667.511127
2012-08-15,670.281119
2012-08-14,659.251142
2012-08-13,647.421118
2012-08-10,638.591071
2012-08-09,644.511076
2012-08-08,639.051103
2012-08-07,641.791075
2012-08-06,639.611117
2012-08-03,640.001124
2012-08-02,625.511077
2012-08-01,637.301095
2012-07-31,628.261097
2012-07-30,636.051064
2012-07-27,618.891069
2012-07-26,615.001048
2012-07-25,608.321062
2012-07-24,615.001048
2012-07-23,600.481042
2012-07-20,608.76106
2012-07-19,586.141031
2012-07-18,576.981016
2012-07-17,578.431013
2012-07-16,576.37101
2012-07-13,572.150959
2012-07-12,567.120998
2012-07-11,576.300985
2012-07-10,590.191012
2012-07-09,584.950977
2012-07-06,592.451042
2012-07-05,588.760987
2012-07-03,580.011012
2012-07-02,581.820997
2012-06-29,574.960957
2012-06-28,565.900986
2012-06-27,567.700985
2012-06-26,562.760959
2012-06-25,567.33095
2012-06-22,568.000995
2012-06-21,579.841005
2012-06-20,579.810985
2012-06-19,573.59097
2012-06-18,562.620971
2012-06-15,560.340968
2012-06-14,561.300976
2012-06-13,561.720941
2012-06-12,569.770974
2012-06-11,584.21103
2012-06-08,575.851001
2012-06-07,587.601014
2012-06-06,576.480979
2012-06-05,575.451008
2012-06-04,570.220958
2012-06-01,571.790972
2012-05-31,588.720982
2012-05-30,588.161028
2012-05-29,595.811007
2012-05-25,601.001051
2012-05-24,609.161053
2012-05-23,601.651001
2012-05-22,613.441081
2012-05-21,600.511
2012-05-18,625.101098
2012-05-17,633.8311
2012-05-16,617.961081
2012-05-15,605.351043
2012-05-14,600.781052
2012-05-11,610.351046
2012-05-10,612.961078
2012-05-09,606.821012
2012-05-08,605.531037
2012-05-07,595.001035
2012-05-04,605.921044
2012-05-03,609.621024
2012-05-02,601.201017
2012-05-01,603.791016
2012-04-30,612.991036
2012-04-27,615.021081
2012-04-26,610.911061
2012-04-25,604.001029
2012-04-24,598.241045
2012-04-23,592.901027
2012-04-20,604.251047
2012-04-19,605.691058
2012-04-18,608.051072
2012-04-17,608.561033
2012-04-16,623.001089
2012-04-13,647.55112
2012-04-12,642.35109
2012-04-11,633.971089
2012-04-10,633.521104
2012-04-09,628.481096
2012-04-05,632.241054
2012-04-04,638.451083
2012-04-03,645.411106
2012-04-02,640.77109
2012-03-30,651.751137
2012-03-29,653.441106
2012-03-28,652.031114
2012-03-27,647.031111
2012-03-26,645.001127
2012-03-23,646.601099
2012-03-22,638.501074
2012-03-21,634.611114
2012-03-20,630.921059
2012-03-19,623.121044
2012-03-16,620.891095
2012-03-15,616.60108
2012-03-14,615.001048
2012-03-13,608.751074
2012-03-12,600.001038
2012-03-09,607.951027
2012-03-08,610.04105
2012-03-07,609.051023
2012-03-06,608.051072
2012-03-05,620.431063
2012-03-02,622.001076
2012-03-01,622.261081
2012-02-29,618.601045
2012-02-28,610.001045
2012-02-27,606.591027
2012-02-24,607.351069
2012-02-23,607.001067
2012-02-22,611.961065
2012-02-21,603.871026
2012-02-17,604.971022
2012-02-16,602.821022
2012-02-15,612.931058
2012-02-14,611.541039
2012-02-13,610.50102
2012-02-10,607.881064
2012-02-09,612.021042
2012-02-08,608.641044
2012-02-07,607.151042
2012-02-06,595.011021
2012-02-03,590.66103
2012-02-02,584.871027
2012-02-01,584.940991
2012-01-31,583.001004
2012-01-30,578.050992
2012-01-27,570.780973
2012-01-26,571.980951
2012-01-25,577.511011
2012-01-24,586.321024
2012-01-23,586.000981
2012-01-20,590.531028
2012-01-19,640.99109
2012-01-18,626.631045
2012-01-17,631.98111
2012-01-13,626.261071
2012-01-12,631.221069
2012-01-11,623.501065
2012-01-10,629.751099
2012-01-09,646.501116
2012-01-06,659.151159
2012-01-05,662.131164
2012-01-04,665.031159
2012-01-03,652.94113
2011-12-30,642.021122
2011-12-29,641.491127
2011-12-28,642.751083
2011-12-27,632.051074
2011-12-23,632.001082
2011-12-22,627.951101
2011-12-21,630.011104
2011-12-20,628.001092
2011-12-19,628.011078
2011-12-16,624.321084
2011-12-15,622.521085
2011-12-14,621.851041
2011-12-13,628.761073
2011-12-12,621.88106
2011-12-09,618.001086
2011-12-08,621.041069
2011-12-07,621.681094
2011-12-06,622.991042
2011-12-05,627.641105
2011-12-02,617.051065
2011-12-01,600.001038
2011-11-30,597.951021
2011-11-29,587.88099
2011-11-28,579.370987
2011-11-25,565.190997
2011-11-23,575.350963
2011-11-22,580.000965
2011-11-21,587.761035
2011-11-18,602.001003
2011-11-17,610.051036
2011-11-16,612.08102
2011-11-15,612.801056
2011-11-14,608.001019
2011-11-11,601.301061
2011-11-10,605.93103
2011-11-09,604.261033
2011-11-08,609.001032
2011-11-07,593.320992
2011-11-04,593.501047
2011-11-03,587.000994
2011-11-02,584.900985
2011-11-01,580.101009
2011-10-31,595.091032
2011-10-28,594.521032
2011-10-27,598.421039
2011-10-26,589.550987
2011-10-25,593.100993
2011-10-24,586.721017
2011-10-21,589.510981
2011-10-20,581.901008
2011-10-19,587.341009
2011-10-18,580.191006
2011-10-17,583.720979
2011-10-14,599.471043
2011-10-13,550.030966
2011-10-12,548.130923
2011-10-11,533.460944
2011-10-10,525.180925
2011-10-07,516.830882
2011-10-06,507.50086
2011-10-05,496.350836
2011-10-04,490.030838
2011-10-03,509.850887
2011-09-30,520.21088
2011-09-29,536.040895
2011-09-28,541.500929
2011-09-27,538.200942
2011-09-26,527.250915
2011-09-23,516.560892
2011-09-22,526.250902
2011-09-21,547.690925
2011-09-20,549.400927
2011-09-19,540.350942
2011-09-16,544.800917
2011-09-15,535.500914
2011-09-14,532.590933
2011-09-13,532.000899
2011-09-12,517.960897
2011-09-09,531.40094
2011-09-08,533.800898
2011-09-07,530.450919
2011-09-06,510.800878
2011-09-02,524.470875
2011-09-01,540.750935
2011-08-31,544.740939
2011-08-30,538.190895
2011-08-29,534.560939
2011-08-26,519.990881
2011-08-25,530.380894
2011-08-24,519.330884
2011-08-23,503.50087
2011-08-22,504.000876
2011-08-19,499.340858
2011-08-18,523.470924
2011-08-17,540.030899
2011-08-16,552.430924
2011-08-15,553.430936
2011-08-12,569.500983
2011-08-11,553.820943
2011-08-10,561.380987
2011-08-09,561.000966
2011-08-08,562.980958
2011-08-05,582.540972
2011-08-04,594.500998
2011-08-03,594.271013
2011-08-02,606.001054
2011-08-01,611.221057
2011-07-29,604.231014
2011-07-28,605.191021
2011-07-27,617.181067
2011-07-26,618.051078
2011-07-25,613.361071
2011-07-22,605.391048
2011-07-21,594.031042
2011-07-20,602.181058
2011-07-19,596.141037
2011-07-18,592.490987
2011-07-15,597.501037
2011-07-14,539.120944
2011-07-13,537.000902
2011-07-12,528.160931
2011-07-11,528.180903
2011-07-08,532.950921
2011-07-07,541.000954
2011-07-06,533.500888
2011-07-05,525.30088
2011-07-01,506.740879
2011-06-30,501.990864
2011-06-29,496.540846
2011-06-28,484.020836
2011-06-27,474.000827
2011-06-24,480.680813
2011-06-23,482.13084
2011-06-22,491.450846
2011-06-21,487.190821
2011-06-20,485.000846
2011-06-17,506.180865
2011-06-16,502.810853
2011-06-15,505.030878
2011-06-14,508.150871
2011-06-13,510.000861
2011-06-10,514.080862
2011-06-09,520.000867
2011-06-08,516.530872
2011-06-07,522.890876
2011-06-06,523.540887
2011-06-03,522.000893
2011-06-02,527.570897
2011-06-01,528.040914
2011-05-31,525.00087
2011-05-27,518.480907
2011-05-26,517.700893
2011-05-25,517.330858
2011-05-24,520.370902
2011-05-23,516.600897
2011-05-20,531.800933
2011-05-19,532.730921
2011-05-18,529.540903
2011-05-17,515.430877
2011-05-16,526.310879
2011-05-13,534.610931
2011-05-12,535.240909
2011-05-11,540.140929
2011-05-10,540.000941
2011-05-09,535.000938
2011-05-06,538.150951
2011-05-05,533.860937
2011-05-04,535.170945
2011-05-03,537.130904
2011-05-02,545.700947
2011-04-29,540.000941
2011-04-28,538.060893
2011-04-27,538.000915
2011-04-26,526.520892
2011-04-25,525.250889
2011-04-21,527.490886
2011-04-20,525.9009
2011-04-19,529.950882
2011-04-18,526.420909
2011-04-15,545.290906
2011-04-14,575.191003
2011-04-13,575.510985
2011-04-12,575.000962
2011-04-11,576.201002
2011-04-08,584.890999
2011-04-07,575.730984
2011-04-06,572.180978
2011-04-05,581.080989
2011-04-04,593.00101
2011-04-01,588.760987
2011-03-31,583.001004
2011-03-30,584.380976
2011-03-29,576.000975
2011-03-28,582.071016
2011-03-25,586.880978
2011-03-24,585.43098
2011-03-23,575.191003
2011-03-22,577.270978
2011-03-21,570.220958
2011-03-18,564.640968
2011-03-17,564.480947
2011-03-16,568.010981
2011-03-15,557.500951
2011-03-14,572.80097
2011-03-11,578.221
2011-03-10,585.441028
2011-03-09,591.000984
2011-03-08,592.931046
2011-03-07,600.551006
2011-03-04,608.331048
2011-03-03,606.381014
2011-03-02,599.801011
2011-03-01,617.781087
2011-02-28,610.001045
2011-02-25,611.861021
2011-02-24,611.391064
2011-02-23,610.331074
2011-02-22,620.03107
2011-02-18,626.001067
2011-02-17,621.251082
2011-02-16,625.631093
2011-02-15,627.321061
2011-02-14,623.341043
2011-02-11,613.791083
2011-02-10,613.901052
2011-02-09,616.871071
2011-02-08,614.931084
2011-02-07,610.161066
2011-02-04,610.151019
2011-02-03,609.481035
2011-02-02,611.001057
2011-02-01,604.491018
2011-01-31,603.601036
2011-01-28,619.071063
2011-01-27,617.891056
2011-01-26,620.33108
2011-01-25,608.201046
2011-01-24,607.571068
2011-01-21,639.581098
2011-01-20,632.211096
2011-01-19,642.121105
2011-01-18,626.061044
2011-01-14,617.401066
2011-01-13,616.971054
2011-01-12,619.351039
2011-01-11,617.711062
2011-01-10,614.801082
2011-01-07,615.911064
2011-01-06,610.681075
2011-01-05,600.071002
2011-01-04,605.621034
2011-01-03,596.481052
2010-12-31,596.740995
2010-12-30,598.001013
2010-12-29,602.001003
2010-12-28,602.051056
2010-12-27,602.741011
2010-12-23,605.341057
2010-12-22,604.001029
2010-12-21,598.571013
2010-12-20,594.651034
2010-12-17,591.000984
2010-12-16,592.851035
2010-12-15,594.200988
2010-12-14,597.090997
2010-12-13,597.121016
2010-12-10,593.140998
2010-12-09,593.881006
2010-12-08,591.971039
2010-12-07,591.271036
2010-12-06,580.570966
2010-12-03,569.450992
2010-12-02,568.660992
2010-12-01,563.000991
2010-11-30,574.320992
2010-11-29,589.171027
2010-11-26,590.461003
2010-11-24,587.31099
2010-11-23,587.01098
2010-11-22,587.471012
2010-11-19,597.001
2010-11-18,589.00102
2010-11-17,585.001029
2010-11-16,592.761038
2010-11-15,603.081027
2010-11-12,613.991049
2010-11-11,619.701041
2010-11-10,622.081087
2010-11-09,630.001057
2010-11-08,624.021074
2010-11-05,623.181083
2010-11-04,624.641066
2010-11-03,617.501049
2010-11-02,618.67107
2010-11-01,615.73107
2010-10-29,617.071037
2010-10-28,620.051042
2010-10-27,615.771075
2010-10-26,613.101066
2010-10-25,615.591082
2010-10-22,611.921059
2010-10-21,611.511019
2010-10-20,608.141068
2010-10-19,608.851057
2010-10-18,600.551006
2010-10-15,599.271016
2010-10-14,544.180925
2010-10-13,547.000908
2010-10-12,540.120896
2010-10-11,538.480919
2010-10-08,532.770927
2010-10-07,536.210902
2010-10-06,539.260932
2010-10-05,528.38093
2010-10-04,524.950879
2010-10-01,530.000935
2010-09-30,529.160882
2010-09-29,527.850935
2010-09-28,533.480916
2010-09-27,528.850886
2010-09-24,521.740888
2010-09-23,514.610857
2010-09-22,512.860881
2010-09-21,509.680879
2010-09-20,492.500851
2010-09-17,483.750815
2010-09-16,479.950821
2010-09-15,479.950821
2010-09-14,482.010824
2010-09-13,480.900812
2010-09-10,479.020833
2010-09-09,477.83081
2010-09-08,465.190783
2010-09-07,464.500797
2010-09-03,470.520815
2010-09-02,462.840787
2010-09-01,454.980795
2010-08-31,450.110763
2010-08-30,459.150792
2010-08-27,452.560773
2010-08-26,456.060788
2010-08-25,450.000764
2010-08-24,457.700795
2010-08-23,461.500789
2010-08-20,467.970792
2010-08-19,481.010811
2010-08-18,490.440847
2010-08-17,488.530849
2010-08-16,483.680821
2010-08-13,489.000836
2010-08-12,483.940825
2010-08-11,497.730839
2010-08-10,502.350852
2010-08-09,502.250869
2010-08-06,505.400882
2010-08-05,505.890872
2010-08-04,492.180838
2010-08-03,490.500856
2010-08-02,488.99085
2010-07-30,479.650811
2010-07-29,485.950837
2010-07-28,494.940844
2010-07-27,490.580836
2010-07-26,489.090833
2010-07-23,480.770809
2010-07-22,483.230836
2010-07-21,484.000833
2010-07-20,461.030802
2010-07-19,461.010799
2010-07-16,469.12081
2010-07-15,491.730854
2010-07-14,489.880833
2010-07-13,482.250826
2010-07-12,472.370806
2010-07-09,471.960796
2010-07-08,453.550769
2010-07-07,438.310758
2010-07-06,444.000748
2010-07-02,441.620762
2010-07-01,445.290754
2010-06-30,454.960792
2010-06-29,463.440807
2010-06-28,472.590805
2010-06-25,477.060813
2010-06-24,479.660828
2010-06-23,486.890842
2010-06-22,489.900836
2010-06-21,499.900872
2010-06-18,502.510873
2010-06-17,503.450878
2010-06-16,496.170842
2010-06-15,483.080831
2010-06-14,494.480843
2010-06-11,482.500814
2010-06-10,480.370817
2010-06-09,487.22084
2010-06-08,487.850849
2010-06-07,499.06085
2010-06-04,499.720848
2010-06-03,495.110852
2010-06-02,486.680828
2010-06-01,480.430825
2010-05-28,492.740852
2010-05-27,484.950824
2010-05-26,482.070832
2010-05-25,468.150816
2010-05-24,480.730835
2010-05-21,469.060802
2010-05-20,485.07084
2010-05-19,496.260839
2010-05-18,510.000861
2010-05-17,506.780854
2010-05-14,509.770876
2010-05-13,516.500914
2010-05-12,512.040892
2010-05-11,515.670909
2010-05-10,513.970893
2010-05-07,499.970866
2010-05-06,508.750861
2010-05-05,500.980865
2010-05-04,526.520892
2010-05-03,526.50092
2010-04-30,531.130889
2010-04-29,533.370886
2010-04-28,532.100882
2010-04-27,528.95093
2010-04-26,544.970924
2010-04-23,547.250927
2010-04-22,552.000973
2010-04-21,556.460933
2010-04-20,554.170945
2010-04-19,548.750915
2010-04-16,563.000991
2010-04-15,592.171005
2010-04-14,590.06101
2010-04-13,572.53098
2010-04-12,567.350983
2010-04-09,567.490971
2010-04-08,563.320974
2010-04-07,567.300992
2010-04-06,569.460978
2010-04-05,570.900989
2010-04-01,571.350973
2010-03-31,565.050947
2010-03-30,562.830984
2010-03-29,563.000991
2010-03-26,565.270947
2010-03-25,559.020973
2010-03-24,545.510906
2010-03-23,557.040981
2010-03-22,556.110932
2010-03-19,560.000953
2010-03-18,564.720979
2010-03-17,568.301005
2010-03-16,561.830971
2010-03-15,566.681
2010-03-12,588.140995
2010-03-11,574.261015
2010-03-10,563.760972
2010-03-09,559.850979
2010-03-08,564.780957
2010-03-05,561.350967
2010-03-04,546.500932
2010-03-03,542.360954
2010-03-02,535.480941
2010-03-01,529.200888
2010-02-26,527.420922
2010-02-25,527.120912
2010-02-24,533.980892
2010-02-23,543.000918
2010-02-22,547.35091
2010-02-19,540.530936
2010-02-18,537.540945
2010-02-17,542.000905
2010-02-16,536.8709
2010-02-12,532.970893
2010-02-11,533.320894
2010-02-10,534.070888
2010-02-09,539.540909
2010-02-08,532.500936
2010-02-05,528.400902
2010-02-04,537.000902
2010-02-03,528.670892
2010-02-02,534.960932
2010-02-01,534.600945
2010-01-29,538.490905
2010-01-28,544.490921
2010-01-27,541.270944
2010-01-26,537.970896
2010-01-25,546.590929
2010-01-22,564.50098
2010-01-21,583.441002
2010-01-20,585.981009
2010-01-19,581.201005
2010-01-15,593.341025
2010-01-14,583.900972
2010-01-13,576.490965
2010-01-12,597.651011
2010-01-11,604.46106
2010-01-08,592.000997
2010-01-07,609.401025
2010-01-06,625.861078
2010-01-05,627.181073
2010-01-04,626.951088
2009-12-31,624.751096
2009-12-30,618.501062
2009-12-29,624.741049
2009-12-28,621.661061
2009-12-24,612.931058
2009-12-23,603.501053
2009-12-22,601.341005
2009-12-21,597.611006
2009-12-18,596.031006
2009-12-17,596.441047
2009-12-16,598.601033
2009-12-15,593.30102
2009-12-14,595.351037
2009-12-11,594.680992
2009-12-10,590.441031
2009-12-09,587.501031
2009-12-08,583.500979
2009-12-07,584.21103
2009-12-04,593.021043
2009-12-03,589.041025
2009-12-02,591.000984
2009-12-01,588.131009
2009-11-30,580.631004
2009-11-27,572.000985
2009-11-25,586.411021
2009-11-24,582.521
2009-11-23,576.490965
2009-11-20,569.500983
2009-11-19,573.770964
2009-11-18,576.650986
2009-11-17,574.87096
2009-11-16,575.000962
2009-11-13,569.29097
2009-11-12,569.560961
2009-11-11,570.480963
2009-11-10,562.73094
2009-11-09,555.450934
2009-11-06,547.720944
2009-11-05,543.490908
2009-11-04,540.800927
2009-11-03,530.010921
2009-11-02,537.080913
2009-10-30,550.000947
2009-10-29,543.010904
2009-10-28,547.870919
2009-10-27,550.97094
2009-10-26,555.750944
2009-10-23,555.250968
2009-10-22,550.000947
2009-10-21,549.91095
2009-10-20,551.640924
2009-10-19,552.690928
2009-10-16,547.330938
2009-10-15,533.750906
2009-10-14,532.460931
2009-10-13,524.390926
2009-10-12,523.420871
2009-10-09,516.650889
2009-10-08,519.570916
2009-10-07,499.000842
2009-10-06,491.700834
2009-10-05,487.650822
2009-10-02,483.740829
2009-10-01,493.000857
2009-09-30,500.000855
2009-09-29,499.530868
2009-09-28,494.840861
2009-09-25,494.290833
2009-09-24,500.470873
2009-09-23,500.780869
2009-09-22,500.920857
2009-09-21,487.740849
2009-09-18,496.770862
2009-09-17,490.57085
2009-09-16,479.800816
2009-09-15,475.08082
2009-09-14,470.510799
2009-09-11,470.400799
2009-09-10,466.650797
2009-09-09,459.060796
2009-09-08,464.290784
2009-09-04,457.570793
2009-09-03,455.820786
2009-09-02,455.820786
2009-09-01,459.680788
2009-08-31,459.790787
2009-08-28,469.260798
2009-08-27,468.580798
2009-08-26,472.760812
2009-08-25,469.130796
2009-08-24,467.3508
2009-08-21,465.540784
2009-08-20,452.000789
2009-08-19,439.990741
2009-08-18,445.100774
2009-08-17,451.500783
2009-08-14,462.780778
2009-08-13,462.1508
2009-08-12,455.410776
2009-08-11,453.670786
2009-08-10,455.140786
2009-08-07,455.670781
2009-08-06,454.300764
2009-08-05,456.000779
2009-08-04,449.370785
2009-08-03,448.740777
2009-07-31,449.980761
2009-07-30,442.610759
2009-07-29,437.230735
2009-07-28,441.00077
2009-07-27,446.040779
2009-07-24,435.810757
2009-07-23,428.680726
2009-07-22,428.000726
2009-07-21,430.940725
2009-07-20,429.880735
2009-07-17,433.000729
2009-07-16,436.680737
2009-07-15,429.660736
2009-07-14,423.710712
2009-07-13,416.170702
2009-07-10,409.580713
2009-07-09,406.120704
2009-07-08,400.000672
2009-07-07,408.240685
2009-07-06,406.500694
2009-07-02,415.410721
2009-07-01,424.200732
2009-06-30,424.000735
2009-06-29,426.000731
2009-06-26,413.680717
2009-06-25,407.000701
2009-06-24,408.740691
2009-06-23,406.650699
2009-06-22,416.950715
2009-06-19,418.210702
2009-06-18,415.680712
2009-06-17,416.190704
2009-06-16,419.310728
2009-06-15,421.500734
2009-06-12,426.860724
2009-06-11,431.770731
2009-06-10,436.230752
2009-06-09,438.580749
2009-06-08,439.500751
2009-06-05,445.070755
2009-06-04,435.300734
2009-06-03,426.000731
2009-06-02,426.250718
2009-06-01,418.730711
2009-05-29,412.110703
2009-05-28,408.680714
2009-05-27,405.6407
2009-05-26,391.950669
2009-05-22,396.660679
2009-05-21,396.300692
2009-05-20,402.090694
2009-05-19,396.100665
2009-05-18,394.730678
2009-05-15,391.100662
2009-05-14,388.800657
2009-05-13,394.090683
2009-05-12,410.010695
2009-05-11,402.800683
2009-05-08,402.850705
2009-05-07,404.100706
2009-05-06,406.790688
2009-05-05,399.9807
2009-05-04,398.170685
2009-05-01,395.030688
2009-04-30,395.76068
2009-04-29,385.970656
2009-04-28,383.750662
2009-04-27,384.340665
2009-04-24,386.050667
2009-04-23,387.51065
2009-04-22,381.750667
2009-04-21,376.170647
2009-04-20,386.15065
2009-04-17,386.020648
2009-04-16,381.500648
2009-04-15,367.100629
2009-04-14,376.940644
2009-04-13,371.330635
2009-04-09,369.500647
2009-04-08,363.500631
2009-04-07,362.600632
2009-04-06,367.000615
2009-04-03,364.500614
2009-04-02,363.310621
2009-04-01,343.780596
2009-03-31,348.930604
2009-03-30,342.550598
2009-03-27,350.000611
2009-03-26,353.13059
2009-03-25,350.400604
2009-03-24,346.500597
2009-03-23,333.56056
2009-03-20,330.300578
2009-03-19,331.680581
2009-03-18,334.810561
2009-03-17,320.180556
2009-03-16,325.990561
2009-03-13,326.100561
2009-03-12,317.540535
2009-03-11,310.100539
2009-03-10,298.250512
2009-03-09,299.980517
2009-03-06,307.220517
2009-03-05,316.480545
2009-03-04,323.160561
2009-03-03,330.070562
2009-03-02,333.330575
2009-02-27,332.950585
2009-02-26,345.960585
2009-02-25,342.150574
2009-02-24,331.020553
2009-02-23,347.000603
2009-02-20,338.050571
2009-02-19,357.470627
2009-02-18,347.240605
2009-02-17,346.510583
2009-02-13,362.190622
2009-02-12,353.16061
2009-02-11,358.950613
2009-02-10,375.980636
2009-02-09,371.280643
2009-02-06,356.460597
2009-02-05,340.91059
2009-02-04,340.070568
2009-02-03,342.5706
2009-02-02,334.290582
2009-01-30,344.690581
2009-01-29,344.540576
2009-01-28,337.980576
2009-01-27,326.450562
2009-01-26,324.85056
2009-01-23,309.270534
2009-01-22,298.040499
2009-01-21,288.350489
2009-01-20,299.140525
2009-01-16,305.020525
2009-01-15,297.570512
2009-01-14,310.000525
2009-01-13,311.770535
2009-01-12,316.310537
2009-01-09,327.500567
2009-01-08,318.280544
2009-01-07,328.320555
2009-01-06,332.980573
2009-01-05,321.000544
2009-01-02,308.60052
2008-12-31,304.200536
2008-12-30,300.800505
2008-12-29,300.220518
2008-12-26,304.070534
2008-12-24,301.480505
2008-12-23,300.430501
2008-12-22,308.560514
2008-12-19,310.990522
2008-12-18,316.700544
2008-12-17,318.640562
2008-12-16,314.520525
2008-12-15,314.010532
2008-12-12,295.710505
2008-12-11,304.170517
2008-12-10,309.240545
2008-12-09,297.690497
2008-12-08,289.990496
2008-12-05,271.020455
2008-12-04,276.530481
2008-12-03,269.850465
2008-12-02,269.730449
2008-12-01,286.680493
2008-11-28,290.5805
2008-11-26,280.280484
2008-11-25,268.680475
2008-11-24,269.260462
2008-11-21,262.510452
2008-11-20,274.890474
2008-11-19,295.390492
2008-11-18,301.570502
2008-11-17,303.000527
2008-11-14,303.250515
2008-11-13,291.770492
2008-11-12,302.050506
2008-11-11,308.690516
2008-11-10,328.000573
2008-11-07,333.120562
2008-11-06,339.970585
2008-11-05,362.150617
2008-11-04,353.440617
2008-11-03,357.580626
2008-10-31,356.160618
2008-10-30,368.460629
2008-10-29,365.79062
2008-10-28,339.050583
2008-10-27,334.810561
2008-10-24,326.470565
2008-10-23,353.6506
2008-10-22,356.990623
2008-10-21,372.390625
2008-10-20,379.750641
2008-10-17,378.960641
2008-10-16,332.760574
2008-10-15,354.650612
2008-10-14,393.530669
2008-10-13,355.790614
2008-10-10,313.160524
2008-10-09,344.520604
2008-10-08,330.160559
2008-10-07,373.33063
2008-10-06,373.980641
2008-10-03,397.350696
2008-10-02,409.790695
2008-10-01,411.150696
2008-09-30,395.980679
2008-09-29,419.510725
2008-09-26,428.000726
2008-09-25,438.840754
2008-09-24,430.340736
2008-09-23,433.250747
2008-09-22,454.130787
2008-09-19,461.000782
2008-09-18,422.640735
2008-09-17,438.480766
2008-09-16,425.960725
2008-09-15,424.000735
2008-09-12,430.210734
2008-09-11,408.350715
2008-09-10,424.470723
2008-09-09,423.17073
2008-09-08,452.020761
2008-09-05,445.49075
2008-09-04,460.0008
2008-09-03,468.730803
2008-09-02,476.770819
2008-08-29,469.750818
2008-08-28,472.490822
2008-08-27,473.730806
2008-08-26,483.460821
2008-08-25,486.110828
2008-08-22,491.500838
2008-08-21,482.92084
2008-08-20,494.720845
2008-08-19,490.430831
2008-08-18,509.84087
2008-08-15,506.990867
2008-08-14,497.70085
2008-08-13,501.600857
2008-08-12,502.00085
2008-08-11,492.470831
2008-08-08,480.150817
2008-08-07,482.000838
2008-08-06,478.370821
2008-08-05,467.590802
2008-08-04,468.120797
2008-08-01,472.510825
2008-07-31,474.560811
2008-07-30,485.500822
2008-07-29,479.30081
2008-07-28,492.090841
2008-07-25,486.490849
2008-07-24,496.700837
2008-07-23,481.610831
2008-07-22,466.720791
2008-07-21,480.88084
2008-07-18,498.350862
2008-07-17,534.160947
2008-07-16,514.040857
2008-07-15,516.280915
2008-07-14,539.000928
2008-07-11,536.500926
2008-07-10,545.000944
2008-07-09,550.760927
2008-07-08,545.990909
2008-07-07,542.300915
2008-07-03,530.880931
2008-07-02,536.510912
2008-07-01,519.580902
2008-06-30,532.470917
2008-06-27,527.680927
2008-06-26,544.100914
2008-06-25,544.970924
2008-06-24,545.140932
2008-06-23,545.360931
2008-06-20,556.980942
2008-06-19,555.350951
2008-06-18,564.510966
2008-06-17,576.350976
2008-06-16,566.500945
2008-06-13,561.490956
2008-06-12,548.760963
2008-06-11,556.240934
2008-06-10,549.560949
2008-06-09,568.060972
2008-06-06,579.751008
2008-06-05,577.080999
2008-06-04,565.330985
2008-06-03,576.501012
2008-06-02,582.501028
2008-05-30,583.471021
2008-05-29,574.79101
2008-05-28,567.940956
2008-05-27,544.960938
2008-05-23,546.960964
2008-05-22,551.95092
2008-05-21,578.52101
2008-05-20,574.630989
2008-05-19,578.550968
2008-05-16,581.43099
2008-05-15,579.001013
2008-05-14,586.491032
2008-05-13,586.231027
2008-05-12,574.751005
2008-05-09,579.001013
2008-05-08,586.201008
2008-05-07,590.271023
2008-05-06,591.000984
2008-05-05,598.861037
2008-05-02,598.491003
2008-05-01,578.310997
2008-04-30,562.210992
2008-04-29,550.830952
2008-04-28,545.88094
2008-04-25,549.020967
2008-04-24,551.290922
2008-04-23,557.94095
2008-04-22,537.570903
2008-04-21,539.390935
2008-04-18,535.21089
2008-04-17,455.630775
2008-04-16,444.400771
2008-04-15,458.130777
2008-04-14,457.160783
2008-04-11,464.070785
2008-04-10,464.960798
2008-04-09,469.130796
2008-04-08,473.04082
2008-04-07,477.030824
2008-04-04,457.010778
2008-04-03,461.730805
2008-04-02,469.900793
2008-04-01,447.740764
2008-03-31,435.640749
2008-03-28,447.460757
2008-03-27,446.000773
2008-03-26,452.590762
2008-03-25,457.460793
2008-03-24,438.430744
2008-03-20,427.320725
2008-03-19,441.11077
2008-03-18,428.980736
2008-03-17,427.99074
2008-03-14,442.980763
2008-03-13,432.67073
2008-03-12,440.010744
2008-03-11,425.260722
2008-03-10,428.830731
2008-03-07,428.880722
2008-03-06,447.690772
2008-03-05,445.250748
2008-03-04,450.950785
2008-03-03,471.510812
2008-02-29,471.870799
2008-02-28,470.500813
2008-02-27,460.130803
2008-02-26,461.200779
2008-02-25,505.95088
2008-02-22,502.060858
2008-02-21,512.850864
2008-02-20,503.510856
2008-02-19,534.940899
2008-02-15,528.310905
2008-02-14,538.350916
2008-02-13,522.500869
2008-02-12,523.390913
2008-02-11,520.520876
2008-02-08,509.410889
2008-02-07,496.860859
2008-02-06,511.140862
2008-02-05,489.430849
2008-02-04,509.070873
2008-02-01,528.670892
2008-01-31,539.010914
2008-01-30,549.190914
2008-01-29,560.470971
2008-01-28,570.970952
2008-01-25,591.811017
2008-01-24,558.800974
2008-01-23,560.710942
2008-01-22,562.030937
2008-01-18,608.361068
2008-01-17,620.761092
2008-01-16,628.971086
2008-01-15,645.901096
2008-01-14,651.141131
2008-01-11,642.701091
2008-01-10,645.011113
2008-01-09,630.041062
2008-01-08,653.001107
2008-01-07,653.941143
2008-01-04,679.691152
2008-01-03,685.261156
2008-01-02,692.871191
2007-12-31,698.571197
2007-12-28,704.9312
2007-12-27,707.071214
2007-12-26,698.991223
2007-12-24,694.991171
2007-12-21,697.88118
2007-12-20,685.831157
2007-12-19,674.211146
2007-12-18,674.161154
2007-12-17,688.00119
2007-12-14,687.5112
2007-12-13,696.311166
2007-12-12,714.001218
2007-12-11,719.941256
2007-12-10,715.991258
2007-12-07,714.991245
2007-12-06,697.801169
2007-12-05,692.731202
2007-12-04,678.31118
2007-12-03,691.011215
2007-11-30,711.001241
2007-11-29,690.75121
2007-11-28,682.111143
2007-11-27,674.801179
2007-11-26,680.201175
2007-11-23,670.001142
2007-11-21,643.771129
2007-11-20,636.481076
2007-11-19,629.591078
2007-11-16,633.941069
2007-11-15,638.571099
2007-11-14,673.281157
2007-11-13,644.99108
2007-11-12,657.741106
2007-11-09,675.781159
2007-11-08,734.60125
2007-11-07,741.131261
2007-11-06,737.561283
2007-11-05,706.991203
2007-11-02,710.51119
2007-11-01,702.791186
2007-10-31,700.691177
2007-10-30,677.511133
2007-10-29,677.771137
2007-10-26,674.031152
2007-10-25,678.681153
2007-10-24,672.711157
2007-10-23,661.251106
2007-10-22,638.671082
2007-10-19,654.561135
2007-10-18,635.4111
2007-10-17,630.451102
2007-10-16,618.491076
2007-10-15,638.471116
2007-10-12,623.981069
2007-10-11,633.641059
2007-10-10,621.361051
2007-10-09,615.111078
2007-10-08,595.001035
2007-10-05,587.111024
2007-10-04,585.091026
2007-10-03,586.250999
2007-10-02,583.381024
2007-10-01,569.971001
2007-09-28,567.000982
2007-09-27,571.730994
2007-09-26,570.400952
2007-09-25,564.000943
2007-09-24,561.000966
2007-09-21,556.340978
2007-09-20,547.000908
2007-09-19,539.270918
2007-09-18,526.520892
2007-09-17,526.530878
2007-09-14,523.200872
2007-09-13,524.060896
2007-09-12,520.530863
2007-09-11,516.990904
2007-09-10,521.280918
2007-09-07,517.860915
2007-09-06,529.360909
2007-09-05,523.400899
2007-09-04,515.020898
2007-08-31,513.100883
2007-08-30,512.360874
2007-08-29,507.840875
2007-08-28,511.530869
2007-08-27,514.430864
2007-08-24,512.610893
2007-08-23,516.000877
2007-08-22,509.960886
2007-08-21,498.940865
2007-08-20,502.460851
2007-08-17,497.440846
2007-08-16,492.020847
2007-08-15,509.000879
2007-08-14,515.720901
2007-08-13,519.540897
2007-08-10,510.180886
2007-08-09,520.800914
2007-08-08,519.34087
2007-08-07,509.750873
2007-08-06,503.000863
2007-08-03,510.050883
2007-08-02,513.720875
2007-08-01,510.500868
2007-07-31,520.230914
2007-07-30,512.920889
2007-07-27,508.530861
2007-07-26,508.740874
2007-07-25,516.980857
2007-07-24,509.300858
2007-07-23,519.010902
2007-07-20,511.900873
2007-07-19,553.460956
2007-07-18,553.890968
2007-07-17,555.040955
2007-07-16,550.300957
2007-07-13,547.910924
2007-07-12,545.860907
2007-07-11,543.610924
2007-07-10,543.790918
2007-07-09,543.000918
2007-07-06,541.250911
2007-07-05,535.560891
2007-07-03,531.060925
2007-07-02,525.490921
2007-06-29,526.020917
2007-06-28,524.880915
2007-06-27,525.00087
2007-06-26,532.730921
2007-06-25,528.980888
2007-06-22,516.420903
2007-06-21,510.980871
2007-06-20,516.960885
2007-06-19,514.010899
2007-06-18,506.180865
2007-06-15,508.190877
2007-06-14,505.380879
2007-06-13,507.090881
2007-06-12,508.710886
2007-06-11,514.020885
2007-06-08,516.200904
2007-06-07,519.75091
2007-06-06,516.750871
2007-06-05,509.750873
2007-06-04,497.910863
2007-06-01,501.000868
2007-05-31,500.56087
2007-05-30,484.50084
2007-05-29,485.000846
2007-05-25,479.700833
2007-05-24,475.150814
2007-05-23,480.820832
2007-05-22,473.000814
2007-05-21,469.530819
2007-05-18,472.030821
2007-05-17,472.460802
2007-05-16,462.000795
2007-05-15,461.96079
2007-05-14,465.480807
2007-05-11,461.830788
2007-05-10,467.040804
2007-05-09,466.150791
2007-05-08,466.130788
2007-05-07,472.14082
2007-05-04,470.120792
2007-05-03,466.220785
2007-05-02,468.650792
2007-05-01,472.190812
2007-04-30,479.150835
2007-04-27,480.070837
2007-04-26,478.100831
2007-04-25,480.000812
2007-04-24,478.610823
2007-04-23,480.100826
2007-04-20,490.520828
2007-04-19,474.500803
2007-04-18,471.260793
2007-04-17,473.8008
2007-04-16,468.460812
2007-04-13,468.450796
2007-04-12,464.00079
2007-04-11,466.060794
2007-04-10,467.090795
2007-04-09,472.980812
2007-04-05,471.300799
2007-04-04,472.14082
2007-04-03,464.050782
2007-04-02,457.760773
2007-03-30,462.100778
2007-03-29,464.550788
2007-03-28,461.870793
2007-03-27,463.550806
2007-03-26,460.550798
2007-03-23,461.450797
2007-03-22,455.610773
2007-03-21,445.30077
2007-03-20,445.79076
2007-03-19,443.250753
2007-03-16,445.650772
2007-03-15,447.86078
2007-03-14,443.230751
2007-03-13,450.110763
2007-03-12,452.57079
2007-03-09,458.000775
2007-03-08,459.220787
2007-03-07,462.690782
2007-03-06,447.470773
2007-03-05,437.020752
2007-03-02,445.11076
2007-03-01,442.670767
2007-02-28,450.410773
2007-02-27,455.000767
2007-02-26,472.830807
2007-02-23,475.750804
2007-02-22,478.690834
2007-02-21,469.840815
2007-02-20,468.470798
2007-02-16,462.800781
2007-02-15,466.000786
2007-02-14,460.0008
2007-02-13,459.150792
2007-02-12,460.6808
2007-02-09,471.6508
2007-02-08,468.050803
2007-02-07,473.820803
2007-02-06,468.100794
2007-02-05,477.500811
2007-02-02,482.610813
2007-02-01,506.000871
2007-01-31,496.490855
2007-01-30,494.000839
2007-01-29,498.00086
2007-01-26,490.930837
2007-01-25,501.000868
2007-01-24,484.450818
2007-01-23,480.790812
2007-01-22,492.500851
2007-01-19,487.980851
2007-01-18,494.520848
2007-01-17,503.39087
2007-01-16,507.550882
2007-01-12,501.990864
2007-01-11,497.200844
2007-01-10,484.430845
2007-01-09,485.45083
2007-01-08,487.690827
2007-01-05,482.500814
2007-01-04,469.000793
2007-01-03,466.000786
2006-12-29,462.100778
2006-12-28,467.120815
2006-12-27,460.0008
2006-12-26,456.520789
2006-12-22,457.500799
2006-12-21,464.180784
2006-12-20,470.000806
2006-12-19,461.720788
2006-12-18,482.510831
2006-12-15,482.640833
2006-12-14,480.250831
2006-12-13,484.690819
2006-12-12,483.850828
2006-12-11,484.920835
2006-12-08,481.94083
2006-12-07,490.230834
2006-12-06,486.960836
2006-12-05,487.400834
2006-12-04,483.00082
2006-12-01,485.980826
2006-11-30,484.190844
2006-11-29,494.240841
2006-11-28,481.130828
2006-11-27,501.370872
2006-11-24,504.500852
2006-11-22,510.970885
2006-11-21,496.540846
2006-11-20,498.400853
2006-11-17,493.250845
2006-11-16,495.000852
2006-11-15,493.430839
2006-11-14,480.700815
2006-11-13,474.900826
2006-11-10,473.780797
2006-11-09,476.500829
2006-11-08,470.350808
2006-11-07,476.950813
2006-11-06,473.770811
2006-11-03,472.230817
2006-11-02,467.500805
2006-11-01,478.760828
2006-10-31,478.060825
2006-10-30,474.820816
2006-10-27,483.90082
2006-10-26,487.680841
2006-10-25,477.490825
2006-10-24,476.280829
2006-10-23,462.280803
2006-10-20,458.990801
2006-10-19,420.230731
2006-10-18,422.990737
2006-10-17,420.300725
2006-10-16,427.700746
2006-10-13,427.760724
2006-10-12,428.56074
2006-10-11,425.02072
2006-10-10,431.560748
2006-10-09,424.800721
2006-10-06,410.220708
2006-10-05,414.700702
2006-10-04,404.970686
2006-10-03,401.290678
2006-10-02,401.900684
2006-09-29,405.130708
2006-09-28,404.080704
2006-09-27,406.300698
2006-09-26,405.500681
2006-09-25,405.580692
2006-09-22,404.980703
2006-09-21,400.300682
2006-09-20,407.100684
2006-09-19,415.460713
2006-09-18,410.000709
2006-09-15,407.480704
2006-09-14,404.300703
2006-09-13,395.150674
2006-09-12,385.000663
2006-09-11,378.260639
2006-09-08,376.720645
2006-09-07,379.390654
2006-09-06,382.100668
2006-09-05,379.870657
2006-09-01,380.990656
2006-08-31,381.490662
2006-08-30,379.21066
2006-08-29,380.780643
2006-08-28,375.610632
2006-08-25,373.080642
2006-08-24,374.440642
2006-08-23,377.640647
2006-08-22,377.730643
2006-08-21,378.100648
2006-08-18,386.310672
2006-08-17,386.390652
2006-08-16,383.480671
2006-08-15,374.110643
2006-08-14,371.500642
2006-08-11,374.400637
2006-08-10,373.880628
2006-08-09,382.800671
2006-08-08,382.820643
2006-08-07,371.500642
2006-08-04,379.560661
2006-08-03,364.980617
2006-08-02,375.600646
2006-08-01,385.110662
2006-07-31,388.000671
2006-07-28,382.000655
2006-07-27,387.370662
2006-07-26,388.200667
2006-07-25,385.020665
2006-07-24,392.82068
2006-07-21,386.140664
2006-07-20,404.2807
2006-07-19,395.010686
2006-07-18,409.75069
2006-07-17,404.630701
2006-07-14,410.330707
2006-07-13,414.000699
2006-07-12,422.090737
2006-07-11,418.510712
2006-07-10,423.440721
2006-07-07,426.050722
2006-07-06,423.380713
2006-07-05,421.520737
2006-07-03,420.04072
2006-06-30,415.600701
2006-06-29,407.990697
2006-06-28,404.010679
2006-06-27,405.710694
2006-06-26,406.750713
2006-06-23,402.760678
2006-06-22,401.580702
2006-06-21,391.060656
2006-06-20,388.030659
2006-06-19,390.850674
2006-06-16,389.100666
2006-06-15,386.620668
2006-06-14,389.830658
2006-06-13,380.900659
2006-06-12,388.340655
2006-06-09,392.190671
2006-06-08,387.750652
2006-06-07,393.240676
2006-06-06,376.580656
2006-06-05,376.180633
2006-06-02,386.840667
2006-06-01,373.540643
2006-05-31,373.800647
2006-05-30,378.280641
2006-05-26,384.550648
2006-05-25,379.080658
2006-05-24,377.350653
2006-05-23,374.210657
2006-05-22,367.850623
2006-05-19,373.280638
2006-05-18,378.780648
2006-05-17,370.610629
2006-05-16,375.990653
2006-05-15,375.930645
2006-05-12,383.540649
2006-05-11,403.420706
2006-05-10,408.31071
2006-05-09,395.700672
2006-05-08,395.110668
2006-05-05,397.600684
2006-05-04,395.030688
2006-05-03,396.350683
2006-05-02,401.080696
2006-05-01,418.470707
2006-04-28,418.630728
2006-04-27,422.910726
2006-04-26,427.740721
2006-04-25,439.630753
2006-04-24,439.400768
2006-04-21,448.900768
2006-04-20,411.010708
2006-04-19,412.570704
2006-04-18,407.930689
2006-04-17,403.450695
2006-04-13,408.630692
2006-04-12,409.000696
2006-04-11,416.42072
2006-04-10,407.080711
2006-04-07,412.410713
2006-04-06,406.490708
2006-04-05,408.20071
2006-04-04,389.900683
2006-04-03,389.530679
2006-03-31,388.740679
2006-03-30,389.190663
2006-03-29,379.940652
2006-03-28,371.710625
2006-03-27,367.090643
2006-03-24,368.62062
2006-03-23,342.350601
2006-03-22,339.750586
2006-03-21,350.010597
2006-03-20,342.340585
2006-03-17,338.800595
2006-03-16,348.610591
2006-03-15,350.770608
2006-03-14,337.140585
2006-03-13,340.930593
2006-03-10,343.500589
2006-03-09,355.390621
2006-03-08,353.930607
2006-03-07,365.020623
2006-03-06,380.910645
2006-03-03,384.30066
2006-03-02,364.280614
2006-03-01,368.560642
2006-02-28,393.20067
2006-02-27,381.270663
2006-02-24,377.300662
2006-02-23,365.610626
2006-02-22,367.15062
2006-02-21,366.440631
2006-02-17,369.860635
2006-02-16,345.670591
2006-02-15,341.270578
2006-02-14,345.330607
2006-02-13,346.640585
2006-02-10,361.950621
2006-02-09,371.200632
2006-02-08,368.480632
2006-02-07,382.990651
2006-02-06,385.310659
2006-02-03,393.620666
2006-02-02,403.820699
2006-02-01,389.030672
2006-01-31,430.570752
2006-01-30,429.230724
2006-01-27,435.000754
2006-01-26,439.540756
2006-01-25,451.260781
2006-01-24,436.030756
2006-01-23,407.380691
2006-01-20,438.700765
2006-01-19,451.170784
2006-01-18,447.300766
2006-01-17,463.060786
2006-01-13,464.310786
2006-01-12,473.72082
2006-01-11,471.27081
2006-01-10,464.420786
2006-01-09,466.410795
2006-01-06,456.87079
2006-01-05,446.000773
2006-01-04,443.900765
2006-01-03,422.520719
2005-12-30,417.270728
2005-12-29,427.980723
2005-12-28,424.34072
2005-12-27,431.860728
2005-12-23,432.150751
2005-12-22,431.770731
2005-12-21,433.550757
2005-12-20,427.860737
2005-12-19,432.200743
2005-12-16,425.340733
2005-12-15,419.110732
2005-12-14,417.040712
2005-12-13,412.50071
2005-12-12,414.630707
2005-12-09,415.000712
2005-12-08,405.300685
2005-12-07,406.160709
2005-12-06,408.700686
2005-12-05,417.000707
2005-12-02,416.940729
2005-12-01,409.200692
2005-11-30,404.260697
2005-11-29,424.460737
2005-11-28,429.820727
2005-11-25,425.780731
2005-11-23,417.040712
2005-11-22,408.650694
2005-11-21,399.170697
2005-11-18,403.4907
2005-11-17,401.800701
2005-11-16,396.200678
2005-11-15,394.380677
2005-11-14,392.120677
2005-11-11,395.120685
2005-11-10,378.360652
2005-11-09,386.670659
2005-11-08,394.250675
2005-11-07,395.100682
2005-11-04,389.980663
2005-11-03,382.410664
2005-11-02,381.700645
2005-11-01,371.86063
2005-10-31,360.240619
2005-10-28,355.270605
2005-10-27,356.600616
2005-10-26,346.280597
2005-10-25,345.780591
2005-10-24,343.370586
2005-10-21,345.800594
2005-10-20,309.990539
2005-10-19,304.000509
2005-10-18,304.960517
2005-10-17,297.500518
2005-10-14,299.900506
2005-10-13,302.000514
2005-10-12,305.200519
2005-10-11,310.610531
2005-10-10,313.310529
2005-10-07,314.790546
2005-10-06,314.140534
2005-10-05,312.690537
2005-10-04,319.95054
2005-10-03,313.630542
2005-09-30,314.220545
2005-09-29,306.680535
2005-09-28,314.220545
2005-09-27,314.950537
2005-09-26,319.500556
2005-09-23,313.000533
2005-09-22,311.500545
2005-09-21,308.41054
2005-09-20,306.15054
2005-09-19,301.000501
2005-09-16,304.020512
2005-09-15,299.520516
2005-09-14,308.730522
2005-09-13,309.000543
2005-09-12,301.750526
2005-09-09,297.280519
2005-09-08,294.830508
2005-09-07,285.890493
2005-09-06,289.0005
2005-09-02,286.510485
2005-09-01,285.910495
2005-08-31,288.230503
2005-08-30,287.390481
2005-08-29,282.240473
2005-08-26,283.480488
2005-08-25,282.550469
2005-08-24,277.570469
2005-08-23,276.160477
2005-08-22,281.240491
2005-08-19,280.990473
2005-08-18,275.910459
2005-08-17,285.510503
2005-08-16,284.880494
2005-08-15,289.800486
2005-08-12,283.360472
2005-08-11,285.890493
2005-08-10,291.300505
2005-08-09,291.960503
2005-08-08,293.60051
2005-08-05,297.500518
2005-08-04,295.550514
2005-08-03,298.000524
2005-08-02,291.600485
2005-08-01,288.120504
2005-07-29,292.140497
2005-07-28,297.410521
2005-07-27,297.74052
2005-07-26,295.010502
2005-07-25,302.390521
2005-07-22,306.370539
2005-07-21,314.050538
2005-07-20,305.570523
2005-07-19,302.100528
2005-07-18,300.000519
2005-07-15,301.240503
2005-07-14,305.340538
2005-07-13,292.510501
2005-07-12,293.390497
2005-07-11,296.400522
2005-07-08,296.250517
2005-07-07,289.390507
2005-07-06,297.300521
2005-07-05,292.100491
2005-07-01,295.040491
2005-06-30,294.340519
2005-06-29,302.500521
2005-06-28,306.280512
2005-06-27,298.900523
2005-06-24,290.900512
2005-06-23,288.000487
2005-06-22,289.670484
2005-06-21,288.070482
2005-06-20,276.090483
2005-06-17,279.000464
2005-06-16,274.260465
2005-06-15,275.000473
2005-06-14,278.590485
2005-06-13,279.820483
2005-06-10,286.990489
2005-06-09,284.720503
2005-06-08,292.850516
2005-06-07,297.100494
2005-06-06,282.390478
2005-06-03,286.790492
2005-06-02,288.73051
2005-06-01,283.200481
2005-05-31,269.43047
2005-05-27,260.460435
2005-05-26,260.960441
2005-05-25,252.73043
2005-05-24,256.960451
2005-05-23,243.16042
2005-05-20,241.210417
2005-05-19,240.340406
2005-05-18,233.610399
2005-05-17,230.560399
2005-05-16,229.680387
2005-05-13,229.180396
2005-05-12,230.810403
2005-05-11,228.970399
2005-05-10,225.470384
2005-05-09,228.00039
2005-05-06,228.400398
2005-05-05,228.620397
2005-05-04,227.230393
2005-05-03,221.850384
2005-05-02,222.050381
2005-04-29,221.910377
2005-04-28,219.500372
2005-04-27,217.990367
2005-04-26,220.220378
2005-04-25,217.820375
2005-04-22,222.900388
2005-04-21,200.420347
2005-04-20,198.580343
2005-04-19,189.330331
2005-04-18,184.580316
2005-04-15,190.100328
2005-04-14,193.270328
2005-04-13,193.470325
2005-04-12,193.000338
2005-04-11,193.090335
2005-04-08,193.690339
2005-04-07,188.780318
2005-04-06,189.240319
2005-04-05,187.730329
2005-04-04,179.950302
2005-04-01,181.760317
2005-03-31,177.950307
2005-03-30,180.640303
2005-03-29,181.050313
2005-03-28,181.680306
2005-03-24,180.700311
2005-03-23,177.970309
2005-03-22,181.180315
2005-03-21,179.270302
2005-03-18,178.810301
2005-03-17,177.130303
2005-03-16,176.700306
2005-03-15,175.3003
2005-03-14,178.330312
2005-03-11,180.440307
2005-03-10,181.010307
2005-03-09,184.210312
2005-03-08,189.100331
2005-03-07,187.78032
2005-03-04,186.700327
2005-03-03,186.130327
2005-03-02,185.950318
2005-03-01,189.290326
2005-02-28,186.000324
2005-02-25,189.150322
2005-02-24,183.370321
2005-02-23,193.300332
2005-02-22,196.500337
2005-02-18,198.510333
2005-02-17,197.830333
2005-02-16,194.700338
2005-02-15,193.600327
2005-02-14,182.850311
2005-02-11,186.660322
2005-02-10,191.970336
2005-02-09,200.760347
2005-02-08,196.960338
2005-02-07,205.260359
2005-02-04,206.470354
2005-02-03,205.99035
2005-02-02,215.550374
2005-02-01,194.380341
2005-01-31,193.690339
2005-01-28,190.020333
2005-01-27,188.76033
2005-01-26,179.270302
2005-01-25,181.940311
2005-01-24,188.690321
2005-01-21,194.540332
2005-01-20,192.500331
2005-01-19,204.650353
2005-01-18,200.970345
2005-01-14,196.00033
2005-01-13,195.380338
2005-01-12,194.330334
2005-01-11,195.62034
2005-01-10,194.500326
2005-01-07,190.640325
2005-01-06,195.080328
2005-01-05,193.450337
2005-01-04,201.400342
2005-01-03,197.400336
2004-12-31,199.230339
2004-12-30,192.970334
2004-12-29,191.780326
2004-12-28,192.110325
2004-12-27,189.150322
2004-12-23,187.450322
2004-12-22,183.900316
2004-12-21,186.31032
2004-12-20,182.000319
2004-12-17,176.760299
2004-12-16,176.950309
2004-12-15,177.990312
2004-12-14,171.0003
2004-12-13,172.17029
2004-12-10,173.430292
2004-12-09,170.25029
2004-12-08,170.350289
2004-12-07,176.000303
2004-12-06,179.130313
2004-12-03,179.950302
2004-12-02,179.90031
2004-12-01,181.950312
2004-11-30,180.710313
2004-11-29,180.360311
2004-11-26,175.800307
2004-11-24,174.820296
2004-11-23,167.970288
2004-11-22,164.470289
2004-11-19,169.100288
2004-11-18,170.290296
2004-11-17,169.020292
2004-11-16,177.500307
2004-11-15,180.450308
2004-11-12,185.230312
2004-11-11,169.130292
2004-11-10,170.670286
2004-11-09,174.100306
2004-11-08,170.93029
2004-11-05,181.980316
2004-11-04,188.440318
2004-11-03,198.180335
2004-11-02,198.780339
2004-11-01,193.550336
2004-10-29,198.890339
2004-10-28,186.680325
2004-10-27,182.720309
2004-10-26,186.340324
2004-10-25,176.400296
2004-10-22,170.540299
2004-10-21,144.400252
2004-10-20,148.030253
2004-10-19,150.500251
2004-10-18,143.200243
2004-10-15,144.930247
2004-10-14,141.010237
2004-10-13,143.320244
2004-10-12,134.440236
2004-10-11,137.00023
2004-10-08,138.720233
2004-10-07,136.920235
2004-10-06,137.550243
2004-10-05,134.660235
2004-10-04,135.250238
2004-10-01,130.800218
2004-09-30,129.900219
2004-09-29,126.700214
2004-09-28,121.300211
2004-09-27,119.560205
2004-09-24,120.940208
2004-09-23,118.840207
2004-09-22,117.400203
2004-09-21,119.810208
2004-09-20,116.950204
2004-09-17,114.420198
2004-09-16,112.340192
2004-09-15,110.560189
2004-09-14,107.450181
2004-09-13,106.630185
2004-09-10,101.600178
2004-09-09,102.530174
2004-09-08,100.740176
2004-09-07,101.010175
2004-09-03,100.950174
2004-09-02,99.190173
2004-09-01,102.700174
2004-08-31,102.300173
2004-08-30,105.280178
2004-08-27,108.100185
2004-08-26,104.95018
2004-08-25,104.960181
2004-08-24,111.240189
2004-08-23,110.750191
2004-08-20,101.010175
2004-08-19,100.000168